lat,temp_c,decade,start_year,end_year
90.0,-18.089035,1850-1859,1850,1859
88.10526315789474,-17.912762,1850-1859,1850,1859
86.21052631578945,-17.793674,1850-1859,1850,1859
84.31578947368419,-17.817625,1850-1859,1850,1859
82.42105263157893,-17.943462,1850-1859,1850,1859
80.52631578947367,-17.52036,1850-1859,1850,1859
78.63157894736841,-16.794205,1850-1859,1850,1859
76.73684210526315,-15.703572,1850-1859,1850,1859
74.84210526315789,-14.468628,1850-1859,1850,1859
72.94736842105263,-13.322801,1850-1859,1850,1859
71.05263157894737,-11.935952,1850-1859,1850,1859
69.15789473684211,-10.694409,1850-1859,1850,1859
67.26315789473682,-9.197693,1850-1859,1850,1859
65.36842105263156,-7.2587414,1850-1859,1850,1859
63.4736842105263,-5.1556535,1850-1859,1850,1859
61.57894736842104,-3.0595412,1850-1859,1850,1859
59.68421052631578,-0.7469039,1850-1859,1850,1859
57.78947368421052,0.6918739,1850-1859,1850,1859
55.89473684210526,1.7580032,1850-1859,1850,1859
54.0,2.8177793,1850-1859,1850,1859
52.10526315789474,3.8719854,1850-1859,1850,1859
50.21052631578948,5.10026,1850-1859,1850,1859
48.31578947368419,6.6342163,1850-1859,1850,1859
46.42105263157893,8.367374,1850-1859,1850,1859
44.52631578947367,10.160885,1850-1859,1850,1859
42.63157894736841,11.728368,1850-1859,1850,1859
40.73684210526315,13.107458,1850-1859,1850,1859
38.84210526315789,14.201692,1850-1859,1850,1859
36.94736842105263,14.992065,1850-1859,1850,1859
35.052631578947356,15.776104,1850-1859,1850,1859
33.157894736842096,16.999779,1850-1859,1850,1859
31.263157894736835,18.471586,1850-1859,1850,1859
29.368421052631575,19.94232,1850-1859,1850,1859
27.473684210526315,21.49891,1850-1859,1850,1859
25.57894736842104,22.696411,1850-1859,1850,1859
23.68421052631578,23.476057,1850-1859,1850,1859
21.78947368421052,24.183363,1850-1859,1850,1859
19.89473684210526,24.700375,1850-1859,1850,1859
18.0,25.211355,1850-1859,1850,1859
16.105263157894726,25.679998,1850-1859,1850,1859
14.210526315789465,26.089981,1850-1859,1850,1859
12.315789473684205,26.297441,1850-1859,1850,1859
10.421052631578945,26.39112,1850-1859,1850,1859
8.526315789473685,26.310127,1850-1859,1850,1859
6.631578947368411,26.196001,1850-1859,1850,1859
4.73684210526315,26.07924,1850-1859,1850,1859
2.8421052631578902,25.9202,1850-1859,1850,1859
0.9473684210526301,25.6834,1850-1859,1850,1859
-0.9473684210526301,25.58545,1850-1859,1850,1859
-2.8421052631579045,25.601896,1850-1859,1850,1859
-4.736842105263165,25.629356,1850-1859,1850,1859
-6.631578947368425,25.525702,1850-1859,1850,1859
-8.526315789473685,25.349117,1850-1859,1850,1859
-10.421052631578945,25.037073,1850-1859,1850,1859
-12.31578947368422,24.641466,1850-1859,1850,1859
-14.21052631578948,24.20776,1850-1859,1850,1859
-16.10526315789474,23.791801,1850-1859,1850,1859
-18.0,23.277916,1850-1859,1850,1859
-19.89473684210526,22.726658,1850-1859,1850,1859
-21.789473684210535,22.177294,1850-1859,1850,1859
-23.684210526315795,21.516338,1850-1859,1850,1859
-25.578947368421055,20.747044,1850-1859,1850,1859
-27.473684210526322,20.004263,1850-1859,1850,1859
-29.368421052631582,19.181276,1850-1859,1850,1859
-31.263157894736842,18.305521,1850-1859,1850,1859
-33.15789473684211,17.3581,1850-1859,1850,1859
-35.05263157894737,16.311508,1850-1859,1850,1859
-36.94736842105264,15.214757,1850-1859,1850,1859
-38.8421052631579,13.993069,1850-1859,1850,1859
-40.73684210526316,12.759225,1850-1859,1850,1859
-42.631578947368425,11.4866905,1850-1859,1850,1859
-44.526315789473685,10.145898,1850-1859,1850,1859
-46.42105263157895,8.806971,1850-1859,1850,1859
-48.31578947368421,7.5067368,1850-1859,1850,1859
-50.21052631578947,6.2900877,1850-1859,1850,1859
-52.10526315789474,5.0463405,1850-1859,1850,1859
-54.0,3.891146,1850-1859,1850,1859
-55.89473684210527,2.6782715,1850-1859,1850,1859
-57.78947368421053,1.3458573,1850-1859,1850,1859
-59.684210526315795,-0.27982768,1850-1859,1850,1859
-61.578947368421055,-2.3579686,1850-1859,1850,1859
-63.473684210526315,-5.354363,1850-1859,1850,1859
-65.36842105263158,-9.113717,1850-1859,1850,1859
-67.26315789473685,-13.792096,1850-1859,1850,1859
-69.15789473684211,-19.355038,1850-1859,1850,1859
-71.05263157894737,-24.487576,1850-1859,1850,1859
-72.94736842105263,-29.281166,1850-1859,1850,1859
-74.84210526315789,-32.931053,1850-1859,1850,1859
-76.73684210526316,-35.96341,1850-1859,1850,1859
-78.63157894736842,-37.90304,1850-1859,1850,1859
-80.52631578947368,-38.35262,1850-1859,1850,1859
-82.42105263157895,-38.727577,1850-1859,1850,1859
-84.3157894736842,-40.731426,1850-1859,1850,1859
-86.21052631578948,-44.824608,1850-1859,1850,1859
-88.10526315789474,-48.240757,1850-1859,1850,1859
-90.0,-48.978992,1850-1859,1850,1859
90.0,-17.34925,1860-1869,1860,1869
88.10526315789474,-17.251324,1860-1869,1860,1869
86.21052631578945,-17.260221,1860-1869,1860,1869
84.31578947368419,-17.375677,1860-1869,1860,1869
82.42105263157893,-17.592333,1860-1869,1860,1869
80.52631578947367,-17.273544,1860-1869,1860,1869
78.63157894736841,-16.629616,1860-1869,1860,1869
76.73684210526315,-15.581719,1860-1869,1860,1869
74.84210526315789,-14.341619,1860-1869,1860,1869
72.94736842105263,-13.237517,1860-1869,1860,1869
71.05263157894737,-11.900888,1860-1869,1860,1869
69.15789473684211,-10.701153,1860-1869,1860,1869
67.26315789473682,-9.176032,1860-1869,1860,1869
65.36842105263156,-7.189794,1860-1869,1860,1869
63.4736842105263,-5.09045,1860-1869,1860,1869
61.57894736842104,-2.9915936,1860-1869,1860,1869
59.68421052631578,-0.6517427,1860-1869,1860,1869
57.78947368421052,0.85719085,1860-1869,1860,1869
55.89473684210526,1.995789,1860-1869,1860,1869
54.0,3.1135187,1860-1869,1860,1869
52.10526315789474,4.185745,1860-1869,1860,1869
50.21052631578948,5.4174576,1860-1869,1860,1869
48.31578947368419,6.904903,1860-1869,1860,1869
46.42105263157893,8.590851,1860-1869,1860,1869
44.52631578947367,10.305019,1860-1869,1860,1869
42.63157894736841,11.821933,1860-1869,1860,1869
40.73684210526315,13.211761,1860-1869,1860,1869
38.84210526315789,14.30404,1860-1869,1860,1869
36.94736842105263,15.077713,1860-1869,1860,1869
35.052631578947356,15.847212,1860-1869,1860,1869
33.157894736842096,17.05363,1860-1869,1860,1869
31.263157894736835,18.513737,1860-1869,1860,1869
29.368421052631575,19.969994,1860-1869,1860,1869
27.473684210526315,21.522545,1860-1869,1860,1869
25.57894736842104,22.72918,1860-1869,1860,1869
23.68421052631578,23.530174,1860-1869,1860,1869
21.78947368421052,24.253946,1860-1869,1860,1869
19.89473684210526,24.774076,1860-1869,1860,1869
18.0,25.280499,1860-1869,1860,1869
16.105263157894726,25.74072,1860-1869,1860,1869
14.210526315789465,26.132278,1860-1869,1860,1869
12.315789473684205,26.336275,1860-1869,1860,1869
10.421052631578945,26.438883,1860-1869,1860,1869
8.526315789473685,26.36029,1860-1869,1860,1869
6.631578947368411,26.251823,1860-1869,1860,1869
4.73684210526315,26.120758,1860-1869,1860,1869
2.8421052631578902,25.952913,1860-1869,1860,1869
0.9473684210526301,25.708925,1860-1869,1860,1869
-0.9473684210526301,25.598656,1860-1869,1860,1869
-2.8421052631579045,25.596424,1860-1869,1860,1869
-4.736842105263165,25.611029,1860-1869,1860,1869
-6.631578947368425,25.508293,1860-1869,1860,1869
-8.526315789473685,25.34066,1860-1869,1860,1869
-10.421052631578945,25.013817,1860-1869,1860,1869
-12.31578947368422,24.617193,1860-1869,1860,1869
-14.21052631578948,24.187744,1860-1869,1860,1869
-16.10526315789474,23.779589,1860-1869,1860,1869
-18.0,23.276436,1860-1869,1860,1869
-19.89473684210526,22.739346,1860-1869,1860,1869
-21.789473684210535,22.206762,1860-1869,1860,1869
-23.684210526315795,21.556091,1860-1869,1860,1869
-25.578947368421055,20.791986,1860-1869,1860,1869
-27.473684210526322,20.04404,1860-1869,1860,1869
-29.368421052631582,19.228088,1860-1869,1860,1869
-31.263157894736842,18.356646,1860-1869,1860,1869
-33.15789473684211,17.420832,1860-1869,1860,1869
-35.05263157894737,16.384026,1860-1869,1860,1869
-36.94736842105264,15.292855,1860-1869,1860,1869
-38.8421052631579,14.059147,1860-1869,1860,1869
-40.73684210526316,12.812036,1860-1869,1860,1869
-42.631578947368425,11.536275,1860-1869,1860,1869
-44.526315789473685,10.208442,1860-1869,1860,1869
-46.42105263157895,8.885894,1860-1869,1860,1869
-48.31578947368421,7.5990295,1860-1869,1860,1869
-50.21052631578947,6.3954825,1860-1869,1860,1869
-52.10526315789474,5.168705,1860-1869,1860,1869
-54.0,4.0285563,1860-1869,1860,1869
-55.89473684210527,2.8226016,1860-1869,1860,1869
-57.78947368421053,1.4922938,1860-1869,1860,1869
-59.684210526315795,-0.12190917,1860-1869,1860,1869
-61.578947368421055,-2.1714587,1860-1869,1860,1869
-63.473684210526315,-5.1474385,1860-1869,1860,1869
-65.36842105263158,-8.920674,1860-1869,1860,1869
-67.26315789473685,-13.568035,1860-1869,1860,1869
-69.15789473684211,-19.086128,1860-1869,1860,1869
-71.05263157894737,-24.221998,1860-1869,1860,1869
-72.94736842105263,-29.013725,1860-1869,1860,1869
-74.84210526315789,-32.6798,1860-1869,1860,1869
-76.73684210526316,-35.8043,1860-1869,1860,1869
-78.63157894736842,-37.81443,1860-1869,1860,1869
-80.52631578947368,-38.328026,1860-1869,1860,1869
-82.42105263157895,-38.683296,1860-1869,1860,1869
-84.3157894736842,-40.651047,1860-1869,1860,1869
-86.21052631578948,-44.734505,1860-1869,1860,1869
-88.10526315789474,-48.205482,1860-1869,1860,1869
-90.0,-48.98503,1860-1869,1860,1869
90.0,-17.10851,1870-1879,1870,1879
88.10526315789474,-17.033884,1870-1879,1870,1879
86.21052631578945,-17.04979,1870-1879,1870,1879
84.31578947368419,-17.158104,1870-1879,1870,1879
82.42105263157893,-17.384243,1870-1879,1870,1879
80.52631578947367,-17.055042,1870-1879,1870,1879
78.63157894736841,-16.440823,1870-1879,1870,1879
76.73684210526315,-15.433392,1870-1879,1870,1879
74.84210526315789,-14.265647,1870-1879,1870,1879
72.94736842105263,-13.155456,1870-1879,1870,1879
71.05263157894737,-11.769176,1870-1879,1870,1879
69.15789473684211,-10.487924,1870-1879,1870,1879
67.26315789473682,-8.901216,1870-1879,1870,1879
65.36842105263156,-6.9284678,1870-1879,1870,1879
63.4736842105263,-4.8855276,1870-1879,1870,1879
61.57894736842104,-2.8097403,1870-1879,1870,1879
59.68421052631578,-0.49833617,1870-1879,1870,1879
57.78947368421052,0.96628475,1870-1879,1870,1879
55.89473684210526,2.054824,1870-1879,1870,1879
54.0,3.11592,1870-1879,1870,1879
52.10526315789474,4.1454477,1870-1879,1870,1879
50.21052631578948,5.3516064,1870-1879,1870,1879
48.31578947368419,6.8049145,1870-1879,1870,1879
46.42105263157893,8.4931965,1870-1879,1870,1879
44.52631578947367,10.210857,1870-1879,1870,1879
42.63157894736841,11.736833,1870-1879,1870,1879
40.73684210526315,13.14553,1870-1879,1870,1879
38.84210526315789,14.277747,1870-1879,1870,1879
36.94736842105263,15.078659,1870-1879,1870,1879
35.052631578947356,15.8574915,1870-1879,1870,1879
33.157894736842096,17.056032,1870-1879,1870,1879
31.263157894736835,18.501043,1870-1879,1870,1879
29.368421052631575,19.935913,1870-1879,1870,1879
27.473684210526315,21.46972,1870-1879,1870,1879
25.57894736842104,22.65083,1870-1879,1870,1879
23.68421052631578,23.426756,1870-1879,1870,1879
21.78947368421052,24.14426,1870-1879,1870,1879
19.89473684210526,24.668884,1870-1879,1870,1879
18.0,25.18728,1870-1879,1870,1879
16.105263157894726,25.662525,1870-1879,1870,1879
14.210526315789465,26.07775,1870-1879,1870,1879
12.315789473684205,26.305693,1870-1879,1870,1879
10.421052631578945,26.41616,1870-1879,1870,1879
8.526315789473685,26.338562,1870-1879,1870,1879
6.631578947368411,26.198973,1870-1879,1870,1879
4.73684210526315,26.067032,1870-1879,1870,1879
2.8421052631578902,25.887527,1870-1879,1870,1879
0.9473684210526301,25.643896,1870-1879,1870,1879
-0.9473684210526301,25.551731,1870-1879,1870,1879
-2.8421052631579045,25.589245,1870-1879,1870,1879
-4.736842105263165,25.654161,1870-1879,1870,1879
-6.631578947368425,25.589905,1870-1879,1870,1879
-8.526315789473685,25.445486,1870-1879,1870,1879
-10.421052631578945,25.14169,1870-1879,1870,1879
-12.31578947368422,24.759903,1870-1879,1870,1879
-14.21052631578948,24.343452,1870-1879,1870,1879
-16.10526315789474,23.942331,1870-1879,1870,1879
-18.0,23.425606,1870-1879,1870,1879
-19.89473684210526,22.87168,1870-1879,1870,1879
-21.789473684210535,22.324007,1870-1879,1870,1879
-23.684210526315795,21.660194,1870-1879,1870,1879
-25.578947368421055,20.885092,1870-1879,1870,1879
-27.473684210526322,20.136265,1870-1879,1870,1879
-29.368421052631582,19.314724,1870-1879,1870,1879
-31.263157894736842,18.444117,1870-1879,1870,1879
-33.15789473684211,17.506721,1870-1879,1870,1879
-35.05263157894737,16.46801,1870-1879,1870,1879
-36.94736842105264,15.37217,1870-1879,1870,1879
-38.8421052631579,14.141502,1870-1879,1870,1879
-40.73684210526316,12.894351,1870-1879,1870,1879
-42.631578947368425,11.613494,1870-1879,1870,1879
-44.526315789473685,10.276986,1870-1879,1870,1879
-46.42105263157895,8.938934,1870-1879,1870,1879
-48.31578947368421,7.6369977,1870-1879,1870,1879
-50.21052631578947,6.41477,1870-1879,1870,1879
-52.10526315789474,5.166732,1870-1879,1870,1879
-54.0,4.005005,1870-1879,1870,1879
-55.89473684210527,2.7840042,1870-1879,1870,1879
-57.78947368421053,1.4375024,1870-1879,1870,1879
-59.684210526315795,-0.20203519,1870-1879,1870,1879
-61.578947368421055,-2.3014123,1870-1879,1870,1879
-63.473684210526315,-5.320904,1870-1879,1870,1879
-65.36842105263158,-9.057182,1870-1879,1870,1879
-67.26315789473685,-13.695542,1870-1879,1870,1879
-69.15789473684211,-19.214691,1870-1879,1870,1879
-71.05263157894737,-24.271782,1870-1879,1870,1879
-72.94736842105263,-28.986128,1870-1879,1870,1879
-74.84210526315789,-32.574062,1870-1879,1870,1879
-76.73684210526316,-35.55683,1870-1879,1870,1879
-78.63157894736842,-37.433895,1870-1879,1870,1879
-80.52631578947368,-37.84996,1870-1879,1870,1879
-82.42105263157895,-38.21295,1870-1879,1870,1879
-84.3157894736842,-40.249054,1870-1879,1870,1879
-86.21052631578948,-44.342514,1870-1879,1870,1879
-88.10526315789474,-47.802185,1870-1879,1870,1879
-90.0,-48.540165,1870-1879,1870,1879
90.0,-16.397232,1880-1889,1880,1889
88.10526315789474,-16.259178,1880-1889,1880,1889
86.21052631578945,-16.204353,1880-1889,1880,1889
84.31578947368419,-16.327263,1880-1889,1880,1889
82.42105263157893,-16.567232,1880-1889,1880,1889
80.52631578947367,-16.282675,1880-1889,1880,1889
78.63157894736841,-15.655084,1880-1889,1880,1889
76.73684210526315,-14.646086,1880-1889,1880,1889
74.84210526315789,-13.533179,1880-1889,1880,1889
72.94736842105263,-12.485138,1880-1889,1880,1889
71.05263157894737,-11.185741,1880-1889,1880,1889
69.15789473684211,-9.985239,1880-1889,1880,1889
67.26315789473682,-8.501381,1880-1889,1880,1889
65.36842105263156,-6.6058826,1880-1889,1880,1889
63.4736842105263,-4.631392,1880-1889,1880,1889
61.57894736842104,-2.6330414,1880-1889,1880,1889
59.68421052631578,-0.37893274,1880-1889,1880,1889
57.78947368421052,1.0402519,1880-1889,1880,1889
55.89473684210526,2.081829,1880-1889,1880,1889
54.0,3.1255162,1880-1889,1880,1889
52.10526315789474,4.1512146,1880-1889,1880,1889
50.21052631578948,5.352209,1880-1889,1880,1889
48.31578947368419,6.827061,1880-1889,1880,1889
46.42105263157893,8.518599,1880-1889,1880,1889
44.52631578947367,10.230785,1880-1889,1880,1889
42.63157894736841,11.7452965,1880-1889,1880,1889
40.73684210526315,13.132746,1880-1889,1880,1889
38.84210526315789,14.249834,1880-1889,1880,1889
36.94736842105263,15.070677,1880-1889,1880,1889
35.052631578947356,15.864773,1880-1889,1880,1889
33.157894736842096,17.070526,1880-1889,1880,1889
31.263157894736835,18.527197,1880-1889,1880,1889
29.368421052631575,19.9847,1880-1889,1880,1889
27.473684210526315,21.536976,1880-1889,1880,1889
25.57894736842104,22.737013,1880-1889,1880,1889
23.68421052631578,23.525675,1880-1889,1880,1889
21.78947368421052,24.231617,1880-1889,1880,1889
19.89473684210526,24.742788,1880-1889,1880,1889
18.0,25.246208,1880-1889,1880,1889
16.105263157894726,25.706772,1880-1889,1880,1889
14.210526315789465,26.095037,1880-1889,1880,1889
12.315789473684205,26.295048,1880-1889,1880,1889
10.421052631578945,26.389,1880-1889,1880,1889
8.526315789473685,26.290962,1880-1889,1880,1889
6.631578947368411,26.150204,1880-1889,1880,1889
4.73684210526315,26.031895,1880-1889,1880,1889
2.8421052631578902,25.878157,1880-1889,1880,1889
0.9473684210526301,25.644833,1880-1889,1880,1889
-0.9473684210526301,25.540192,1880-1889,1880,1889
-2.8421052631579045,25.553398,1880-1889,1880,1889
-4.736842105263165,25.575016,1880-1889,1880,1889
-6.631578947368425,25.477816,1880-1889,1880,1889
-8.526315789473685,25.31475,1880-1889,1880,1889
-10.421052631578945,25.004568,1880-1889,1880,1889
-12.31578947368422,24.611317,1880-1889,1880,1889
-14.21052631578948,24.17821,1880-1889,1880,1889
-16.10526315789474,23.77836,1880-1889,1880,1889
-18.0,23.272177,1880-1889,1880,1889
-19.89473684210526,22.735453,1880-1889,1880,1889
-21.789473684210535,22.199287,1880-1889,1880,1889
-23.684210526315795,21.560234,1880-1889,1880,1889
-25.578947368421055,20.799616,1880-1889,1880,1889
-27.473684210526322,20.068768,1880-1889,1880,1889
-29.368421052631582,19.281385,1880-1889,1880,1889
-31.263157894736842,18.432268,1880-1889,1880,1889
-33.15789473684211,17.525246,1880-1889,1880,1889
-35.05263157894737,16.499819,1880-1889,1880,1889
-36.94736842105264,15.406213,1880-1889,1880,1889
-38.8421052631579,14.178747,1880-1889,1880,1889
-40.73684210526316,12.928486,1880-1889,1880,1889
-42.631578947368425,11.644084,1880-1889,1880,1889
-44.526315789473685,10.306205,1880-1889,1880,1889
-46.42105263157895,8.960459,1880-1889,1880,1889
-48.31578947368421,7.6465573,1880-1889,1880,1889
-50.21052631578947,6.4143753,1880-1889,1880,1889
-52.10526315789474,5.158797,1880-1889,1880,1889
-54.0,3.997485,1880-1889,1880,1889
-55.89473684210527,2.7734258,1880-1889,1880,1889
-57.78947368421053,1.4195907,1880-1889,1880,1889
-59.684210526315795,-0.23232399,1880-1889,1880,1889
-61.578947368421055,-2.3391461,1880-1889,1880,1889
-63.473684210526315,-5.3552732,1880-1889,1880,1889
-65.36842105263158,-9.147762,1880-1889,1880,1889
-67.26315789473685,-13.80552,1880-1889,1880,1889
-69.15789473684211,-19.305151,1880-1889,1880,1889
-71.05263157894737,-24.406662,1880-1889,1880,1889
-72.94736842105263,-29.169765,1880-1889,1880,1889
-74.84210526315789,-32.84797,1880-1889,1880,1889
-76.73684210526316,-35.938717,1880-1889,1880,1889
-78.63157894736842,-37.918167,1880-1889,1880,1889
-80.52631578947368,-38.411057,1880-1889,1880,1889
-82.42105263157895,-38.81103,1880-1889,1880,1889
-84.3157894736842,-40.835136,1880-1889,1880,1889
-86.21052631578948,-44.892227,1880-1889,1880,1889
-88.10526315789474,-48.30332,1880-1889,1880,1889
-90.0,-49.026443,1880-1889,1880,1889
90.0,-16.963379,1890-1899,1890,1899
88.10526315789474,-16.858225,1890-1899,1890,1899
86.21052631578945,-16.813822,1890-1899,1890,1899
84.31578947368419,-16.918594,1890-1899,1890,1899
82.42105263157893,-17.163383,1890-1899,1890,1899
80.52631578947367,-16.885862,1890-1899,1890,1899
78.63157894736841,-16.308378,1890-1899,1890,1899
76.73684210526315,-15.31987,1890-1899,1890,1899
74.84210526315789,-14.123466,1890-1899,1890,1899
72.94736842105263,-13.043754,1890-1899,1890,1899
71.05263157894737,-11.692959,1890-1899,1890,1899
69.15789473684211,-10.461248,1890-1899,1890,1899
67.26315789473682,-8.957573,1890-1899,1890,1899
65.36842105263156,-7.054494,1890-1899,1890,1899
63.4736842105263,-5.0364857,1890-1899,1890,1899
61.57894736842104,-3.0348828,1890-1899,1890,1899
59.68421052631578,-0.7993684,1890-1899,1890,1899
57.78947368421052,0.59785146,1890-1899,1890,1899
55.89473684210526,1.6408383,1890-1899,1890,1899
54.0,2.7162182,1890-1899,1890,1899
52.10526315789474,3.7887797,1890-1899,1890,1899
50.21052631578948,5.0360093,1890-1899,1890,1899
48.31578947368419,6.5557556,1890-1899,1890,1899
46.42105263157893,8.288351,1890-1899,1890,1899
44.52631578947367,10.044908,1890-1899,1890,1899
42.63157894736841,11.577206,1890-1899,1890,1899
40.73684210526315,12.998883,1890-1899,1890,1899
38.84210526315789,14.172788,1890-1899,1890,1899
36.94736842105263,15.028817,1890-1899,1890,1899
35.052631578947356,15.844382,1890-1899,1890,1899
33.157894736842096,17.091501,1890-1899,1890,1899
31.263157894736835,18.562172,1890-1899,1890,1899
29.368421052631575,20.010675,1890-1899,1890,1899
27.473684210526315,21.562632,1890-1899,1890,1899
25.57894736842104,22.748533,1890-1899,1890,1899
23.68421052631578,23.53637,1890-1899,1890,1899
21.78947368421052,24.25879,1890-1899,1890,1899
19.89473684210526,24.789688,1890-1899,1890,1899
18.0,25.305506,1890-1899,1890,1899
16.105263157894726,25.781929,1890-1899,1890,1899
14.210526315789465,26.185656,1890-1899,1890,1899
12.315789473684205,26.38722,1890-1899,1890,1899
10.421052631578945,26.502132,1890-1899,1890,1899
8.526315789473685,26.417639,1890-1899,1890,1899
6.631578947368411,26.299616,1890-1899,1890,1899
4.73684210526315,26.19135,1890-1899,1890,1899
2.8421052631578902,26.028389,1890-1899,1890,1899
0.9473684210526301,25.801538,1890-1899,1890,1899
-0.9473684210526301,25.712482,1890-1899,1890,1899
-2.8421052631579045,25.7336,1890-1899,1890,1899
-4.736842105263165,25.76394,1890-1899,1890,1899
-6.631578947368425,25.657175,1890-1899,1890,1899
-8.526315789473685,25.479387,1890-1899,1890,1899
-10.421052631578945,25.1511,1890-1899,1890,1899
-12.31578947368422,24.75386,1890-1899,1890,1899
-14.21052631578948,24.32803,1890-1899,1890,1899
-16.10526315789474,23.931738,1890-1899,1890,1899
-18.0,23.427382,1890-1899,1890,1899
-19.89473684210526,22.881388,1890-1899,1890,1899
-21.789473684210535,22.344015,1890-1899,1890,1899
-23.684210526315795,21.694227,1890-1899,1890,1899
-25.578947368421055,20.931952,1890-1899,1890,1899
-27.473684210526322,20.192747,1890-1899,1890,1899
-29.368421052631582,19.376587,1890-1899,1890,1899
-31.263157894736842,18.50237,1890-1899,1890,1899
-33.15789473684211,17.555237,1890-1899,1890,1899
-35.05263157894737,16.506472,1890-1899,1890,1899
-36.94736842105264,15.403464,1890-1899,1890,1899
-38.8421052631579,14.168499,1890-1899,1890,1899
-40.73684210526316,12.916379,1890-1899,1890,1899
-42.631578947368425,11.630844,1890-1899,1890,1899
-44.526315789473685,10.294453,1890-1899,1890,1899
-46.42105263157895,8.955275,1890-1899,1890,1899
-48.31578947368421,7.650877,1890-1899,1890,1899
-50.21052631578947,6.430378,1890-1899,1890,1899
-52.10526315789474,5.188733,1890-1899,1890,1899
-54.0,4.0332737,1890-1899,1890,1899
-55.89473684210527,2.8134634,1890-1899,1890,1899
-57.78947368421053,1.4621313,1890-1899,1890,1899
-59.684210526315795,-0.17052987,1890-1899,1890,1899
-61.578947368421055,-2.242884,1890-1899,1890,1899
-63.473684210526315,-5.236557,1890-1899,1890,1899
-65.36842105263158,-8.993473,1890-1899,1890,1899
-67.26315789473685,-13.632531,1890-1899,1890,1899
-69.15789473684211,-19.172043,1890-1899,1890,1899
-71.05263157894737,-24.215075,1890-1899,1890,1899
-72.94736842105263,-28.90339,1890-1899,1890,1899
-74.84210526315789,-32.475574,1890-1899,1890,1899
-76.73684210526316,-35.452496,1890-1899,1890,1899
-78.63157894736842,-37.330917,1890-1899,1890,1899
-80.52631578947368,-37.758556,1890-1899,1890,1899
-82.42105263157895,-38.128796,1890-1899,1890,1899
-84.3157894736842,-40.065655,1890-1899,1890,1899
-86.21052631578948,-44.084152,1890-1899,1890,1899
-88.10526315789474,-47.50743,1890-1899,1890,1899
-90.0,-48.232445,1890-1899,1890,1899
90.0,-16.471195,1900-1909,1900,1909
88.10526315789474,-16.383326,1900-1909,1900,1909
86.21052631578945,-16.373888,1900-1909,1900,1909
84.31578947368419,-16.488293,1900-1909,1900,1909
82.42105263157893,-16.756035,1900-1909,1900,1909
80.52631578947367,-16.542017,1900-1909,1900,1909
78.63157894736841,-15.999335,1900-1909,1900,1909
76.73684210526315,-15.041539,1900-1909,1900,1909
74.84210526315789,-13.964691,1900-1909,1900,1909
72.94736842105263,-12.958836,1900-1909,1900,1909
71.05263157894737,-11.661854,1900-1909,1900,1909
69.15789473684211,-10.470539,1900-1909,1900,1909
67.26315789473682,-8.99941,1900-1909,1900,1909
65.36842105263156,-7.1132913,1900-1909,1900,1909
63.4736842105263,-5.068527,1900-1909,1900,1909
61.57894736842104,-3.04233,1900-1909,1900,1909
59.68421052631578,-0.783319,1900-1909,1900,1909
57.78947368421052,0.63611096,1900-1909,1900,1909
55.89473684210526,1.707158,1900-1909,1900,1909
54.0,2.7870433,1900-1909,1900,1909
52.10526315789474,3.859419,1900-1909,1900,1909
50.21052631578948,5.1035347,1900-1909,1900,1909
48.31578947368419,6.6253924,1900-1909,1900,1909
46.42105263157893,8.364872,1900-1909,1900,1909
44.52631578947367,10.134885,1900-1909,1900,1909
42.63157894736841,11.6874895,1900-1909,1900,1909
40.73684210526315,13.090221,1900-1909,1900,1909
38.84210526315789,14.209689,1900-1909,1900,1909
36.94736842105263,15.018524,1900-1909,1900,1909
35.052631578947356,15.814453,1900-1909,1900,1909
33.157894736842096,17.026722,1900-1909,1900,1909
31.263157894736835,18.480627,1900-1909,1900,1909
29.368421052631575,19.941174,1900-1909,1900,1909
27.473684210526315,21.500267,1900-1909,1900,1909
25.57894736842104,22.709637,1900-1909,1900,1909
23.68421052631578,23.510525,1900-1909,1900,1909
21.78947368421052,24.248478,1900-1909,1900,1909
19.89473684210526,24.788168,1900-1909,1900,1909
18.0,25.318579,1900-1909,1900,1909
16.105263157894726,25.788147,1900-1909,1900,1909
14.210526315789465,26.184046,1900-1909,1900,1909
12.315789473684205,26.386147,1900-1909,1900,1909
10.421052631578945,26.480892,1900-1909,1900,1909
8.526315789473685,26.398312,1900-1909,1900,1909
6.631578947368411,26.276327,1900-1909,1900,1909
4.73684210526315,26.155872,1900-1909,1900,1909
2.8421052631578902,25.995604,1900-1909,1900,1909
0.9473684210526301,25.764326,1900-1909,1900,1909
-0.9473684210526301,25.676687,1900-1909,1900,1909
-2.8421052631579045,25.70253,1900-1909,1900,1909
-4.736842105263165,25.741,1900-1909,1900,1909
-6.631578947368425,25.641829,1900-1909,1900,1909
-8.526315789473685,25.458027,1900-1909,1900,1909
-10.421052631578945,25.116646,1900-1909,1900,1909
-12.31578947368422,24.71506,1900-1909,1900,1909
-14.21052631578948,24.273373,1900-1909,1900,1909
-16.10526315789474,23.865993,1900-1909,1900,1909
-18.0,23.363142,1900-1909,1900,1909
-19.89473684210526,22.822042,1900-1909,1900,1909
-21.789473684210535,22.300829,1900-1909,1900,1909
-23.684210526315795,21.656279,1900-1909,1900,1909
-25.578947368421055,20.918756,1900-1909,1900,1909
-27.473684210526322,20.1865,1900-1909,1900,1909
-29.368421052631582,19.378717,1900-1909,1900,1909
-31.263157894736842,18.501122,1900-1909,1900,1909
-33.15789473684211,17.563353,1900-1909,1900,1909
-35.05263157894737,16.517616,1900-1909,1900,1909
-36.94736842105264,15.415968,1900-1909,1900,1909
-38.8421052631579,14.17513,1900-1909,1900,1909
-40.73684210526316,12.917522,1900-1909,1900,1909
-42.631578947368425,11.623403,1900-1909,1900,1909
-44.526315789473685,10.269805,1900-1909,1900,1909
-46.42105263157895,8.913856,1900-1909,1900,1909
-48.31578947368421,7.5984335,1900-1909,1900,1909
-50.21052631578947,6.3773875,1900-1909,1900,1909
-52.10526315789474,5.142466,1900-1909,1900,1909
-54.0,4.000137,1900-1909,1900,1909
-55.89473684210527,2.797219,1900-1909,1900,1909
-57.78947368421053,1.4750775,1900-1909,1900,1909
-59.684210526315795,-0.12785354,1900-1909,1900,1909
-61.578947368421055,-2.1634905,1900-1909,1900,1909
-63.473684210526315,-5.1192074,1900-1909,1900,1909
-65.36842105263158,-8.857244,1900-1909,1900,1909
-67.26315789473685,-13.52024,1900-1909,1900,1909
-69.15789473684211,-19.087553,1900-1909,1900,1909
-71.05263157894737,-24.159391,1900-1909,1900,1909
-72.94736842105263,-28.94349,1900-1909,1900,1909
-74.84210526315789,-32.608856,1900-1909,1900,1909
-76.73684210526316,-35.651066,1900-1909,1900,1909
-78.63157894736842,-37.573177,1900-1909,1900,1909
-80.52631578947368,-38.044777,1900-1909,1900,1909
-82.42105263157895,-38.44211,1900-1909,1900,1909
-84.3157894736842,-40.479565,1900-1909,1900,1909
-86.21052631578948,-44.58327,1900-1909,1900,1909
-88.10526315789474,-48.032917,1900-1909,1900,1909
-90.0,-48.765823,1900-1909,1900,1909
90.0,-15.951889,1910-1919,1910,1919
88.10526315789474,-15.87117,1910-1919,1910,1919
86.21052631578945,-15.879286,1910-1919,1910,1919
84.31578947368419,-15.985111,1910-1919,1910,1919
82.42105263157893,-16.243797,1910-1919,1910,1919
80.52631578947367,-16.024813,1910-1919,1910,1919
78.63157894736841,-15.452504,1910-1919,1910,1919
76.73684210526315,-14.438612,1910-1919,1910,1919
74.84210526315789,-13.269216,1910-1919,1910,1919
72.94736842105263,-12.241855,1910-1919,1910,1919
71.05263157894737,-11.007892,1910-1919,1910,1919
69.15789473684211,-9.888958,1910-1919,1910,1919
67.26315789473682,-8.460438,1910-1919,1910,1919
65.36842105263156,-6.634662,1910-1919,1910,1919
63.4736842105263,-4.6854763,1910-1919,1910,1919
61.57894736842104,-2.7445076,1910-1919,1910,1919
59.68421052631578,-0.57365286,1910-1919,1910,1919
57.78947368421052,0.7849632,1910-1919,1910,1919
55.89473684210526,1.7926472,1910-1919,1910,1919
54.0,2.8148973,1910-1919,1910,1919
52.10526315789474,3.8412971,1910-1919,1910,1919
50.21052631578948,5.0393667,1910-1919,1910,1919
48.31578947368419,6.5159106,1910-1919,1910,1919
46.42105263157893,8.228803,1910-1919,1910,1919
44.52631578947367,9.953418,1910-1919,1910,1919
42.63157894736841,11.502541,1910-1919,1910,1919
40.73684210526315,12.919634,1910-1919,1910,1919
38.84210526315789,14.055605,1910-1919,1910,1919
36.94736842105263,14.876626,1910-1919,1910,1919
35.052631578947356,15.668821,1910-1919,1910,1919
33.157894736842096,16.88985,1910-1919,1910,1919
31.263157894736835,18.373161,1910-1919,1910,1919
29.368421052631575,19.834127,1910-1919,1910,1919
27.473684210526315,21.39854,1910-1919,1910,1919
25.57894736842104,22.6026,1910-1919,1910,1919
23.68421052631578,23.40664,1910-1919,1910,1919
21.78947368421052,24.152952,1910-1919,1910,1919
19.89473684210526,24.696077,1910-1919,1910,1919
18.0,25.239014,1910-1919,1910,1919
16.105263157894726,25.736452,1910-1919,1910,1919
14.210526315789465,26.170631,1910-1919,1910,1919
12.315789473684205,26.399115,1910-1919,1910,1919
10.421052631578945,26.52499,1910-1919,1910,1919
8.526315789473685,26.445503,1910-1919,1910,1919
6.631578947368411,26.329397,1910-1919,1910,1919
4.73684210526315,26.226921,1910-1919,1910,1919
2.8421052631578902,26.07526,1910-1919,1910,1919
0.9473684210526301,25.847546,1910-1919,1910,1919
-0.9473684210526301,25.752275,1910-1919,1910,1919
-2.8421052631579045,25.783928,1910-1919,1910,1919
-4.736842105263165,25.821632,1910-1919,1910,1919
-6.631578947368425,25.735346,1910-1919,1910,1919
-8.526315789473685,25.567163,1910-1919,1910,1919
-10.421052631578945,25.255913,1910-1919,1910,1919
-12.31578947368422,24.879145,1910-1919,1910,1919
-14.21052631578948,24.454723,1910-1919,1910,1919
-16.10526315789474,24.054693,1910-1919,1910,1919
-18.0,23.541267,1910-1919,1910,1919
-19.89473684210526,22.991272,1910-1919,1910,1919
-21.789473684210535,22.451296,1910-1919,1910,1919
-23.684210526315795,21.790916,1910-1919,1910,1919
-25.578947368421055,21.029066,1910-1919,1910,1919
-27.473684210526322,20.273438,1910-1919,1910,1919
-29.368421052631582,19.446114,1910-1919,1910,1919
-31.263157894736842,18.546825,1910-1919,1910,1919
-33.15789473684211,17.609047,1910-1919,1910,1919
-35.05263157894737,16.557062,1910-1919,1910,1919
-36.94736842105264,15.4402485,1910-1919,1910,1919
-38.8421052631579,14.200857,1910-1919,1910,1919
-40.73684210526316,12.944171,1910-1919,1910,1919
-42.631578947368425,11.661098,1910-1919,1910,1919
-44.526315789473685,10.325321,1910-1919,1910,1919
-46.42105263157895,8.984002,1910-1919,1910,1919
-48.31578947368421,7.675064,1910-1919,1910,1919
-50.21052631578947,6.4560423,1910-1919,1910,1919
-52.10526315789474,5.221522,1910-1919,1910,1919
-54.0,4.082957,1910-1919,1910,1919
-55.89473684210527,2.8874125,1910-1919,1910,1919
-57.78947368421053,1.5703022,1910-1919,1910,1919
-59.684210526315795,-0.034876987,1910-1919,1910,1919
-61.578947368421055,-2.0879412,1910-1919,1910,1919
-63.473684210526315,-5.04609,1910-1919,1910,1919
-65.36842105263158,-8.762221,1910-1919,1910,1919
-67.26315789473685,-13.430716,1910-1919,1910,1919
-69.15789473684211,-18.97015,1910-1919,1910,1919
-71.05263157894737,-24.094809,1910-1919,1910,1919
-72.94736842105263,-28.87633,1910-1919,1910,1919
-74.84210526315789,-32.53907,1910-1919,1910,1919
-76.73684210526316,-35.55065,1910-1919,1910,1919
-78.63157894736842,-37.420456,1910-1919,1910,1919
-80.52631578947368,-37.843113,1910-1919,1910,1919
-82.42105263157895,-38.214386,1910-1919,1910,1919
-84.3157894736842,-40.220333,1910-1919,1910,1919
-86.21052631578948,-44.29876,1910-1919,1910,1919
-88.10526315789474,-47.70837,1910-1919,1910,1919
-90.0,-48.431507,1910-1919,1910,1919
90.0,-15.718601,1920-1929,1920,1929
88.10526315789474,-15.644001,1920-1929,1920,1929
86.21052631578945,-15.668871,1920-1929,1920,1929
84.31578947368419,-15.798516,1920-1929,1920,1929
82.42105263157893,-16.091354,1920-1929,1920,1929
80.52631578947367,-15.934701,1920-1929,1920,1929
78.63157894736841,-15.401393,1920-1929,1920,1929
76.73684210526315,-14.427663,1920-1929,1920,1929
74.84210526315789,-13.284579,1920-1929,1920,1929
72.94736842105263,-12.258266,1920-1929,1920,1929
71.05263157894737,-11.030967,1920-1929,1920,1929
69.15789473684211,-9.934856,1920-1929,1920,1929
67.26315789473682,-8.518116,1920-1929,1920,1929
65.36842105263156,-6.68282,1920-1929,1920,1929
63.4736842105263,-4.708739,1920-1929,1920,1929
61.57894736842104,-2.7005002,1920-1929,1920,1929
59.68421052631578,-0.44203213,1920-1929,1920,1929
57.78947368421052,0.98321223,1920-1929,1920,1929
55.89473684210526,2.0438192,1920-1929,1920,1929
54.0,3.097495,1920-1929,1920,1929
52.10526315789474,4.140936,1920-1929,1920,1929
50.21052631578948,5.3385615,1920-1929,1920,1929
48.31578947368419,6.768488,1920-1929,1920,1929
46.42105263157893,8.404212,1920-1929,1920,1929
44.52631578947367,10.070446,1920-1929,1920,1929
42.63157894736841,11.563726,1920-1929,1920,1929
40.73684210526315,12.955319,1920-1929,1920,1929
38.84210526315789,14.080147,1920-1929,1920,1929
36.94736842105263,14.906163,1920-1929,1920,1929
35.052631578947356,15.726212,1920-1929,1920,1929
33.157894736842096,16.954443,1920-1929,1920,1929
31.263157894736835,18.442238,1920-1929,1920,1929
29.368421052631575,19.925346,1920-1929,1920,1929
27.473684210526315,21.51127,1920-1929,1920,1929
25.57894736842104,22.728415,1920-1929,1920,1929
23.68421052631578,23.54377,1920-1929,1920,1929
21.78947368421052,24.283298,1920-1929,1920,1929
19.89473684210526,24.821272,1920-1929,1920,1929
18.0,25.348595,1920-1929,1920,1929
16.105263157894726,25.822515,1920-1929,1920,1929
14.210526315789465,26.218662,1920-1929,1920,1929
12.315789473684205,26.416107,1920-1929,1920,1929
10.421052631578945,26.516178,1920-1929,1920,1929
8.526315789473685,26.423637,1920-1929,1920,1929
6.631578947368411,26.28779,1920-1929,1920,1929
4.73684210526315,26.145914,1920-1929,1920,1929
2.8421052631578902,25.972324,1920-1929,1920,1929
0.9473684210526301,25.734896,1920-1929,1920,1929
-0.9473684210526301,25.645449,1920-1929,1920,1929
-2.8421052631579045,25.680637,1920-1929,1920,1929
-4.736842105263165,25.731161,1920-1929,1920,1929
-6.631578947368425,25.658545,1920-1929,1920,1929
-8.526315789473685,25.501322,1920-1929,1920,1929
-10.421052631578945,25.210213,1920-1929,1920,1929
-12.31578947368422,24.84375,1920-1929,1920,1929
-14.21052631578948,24.4467,1920-1929,1920,1929
-16.10526315789474,24.062874,1920-1929,1920,1929
-18.0,23.566734,1920-1929,1920,1929
-19.89473684210526,23.033997,1920-1929,1920,1929
-21.789473684210535,22.485989,1920-1929,1920,1929
-23.684210526315795,21.827187,1920-1929,1920,1929
-25.578947368421055,21.069456,1920-1929,1920,1929
-27.473684210526322,20.3423,1920-1929,1920,1929
-29.368421052631582,19.534922,1920-1929,1920,1929
-31.263157894736842,18.65751,1920-1929,1920,1929
-33.15789473684211,17.715914,1920-1929,1920,1929
-35.05263157894737,16.66768,1920-1929,1920,1929
-36.94736842105264,15.551346,1920-1929,1920,1929
-38.8421052631579,14.311452,1920-1929,1920,1929
-40.73684210526316,13.0563965,1920-1929,1920,1929
-42.631578947368425,11.769769,1920-1929,1920,1929
-44.526315789473685,10.429299,1920-1929,1920,1929
-46.42105263157895,9.066796,1920-1929,1920,1929
-48.31578947368421,7.7372775,1920-1929,1920,1929
-50.21052631578947,6.5005064,1920-1929,1920,1929
-52.10526315789474,5.2550025,1920-1929,1920,1929
-54.0,4.113294,1920-1929,1920,1929
-55.89473684210527,2.921633,1920-1929,1920,1929
-57.78947368421053,1.6195569,1920-1929,1920,1929
-59.684210526315795,0.04401472,1920-1929,1920,1929
-61.578947368421055,-1.9595776,1920-1929,1920,1929
-63.473684210526315,-4.8683414,1920-1929,1920,1929
-65.36842105263158,-8.578823,1920-1929,1920,1929
-67.26315789473685,-13.204112,1920-1929,1920,1929
-69.15789473684211,-18.694824,1920-1929,1920,1929
-71.05263157894737,-23.8281,1920-1929,1920,1929
-72.94736842105263,-28.630476,1920-1929,1920,1929
-74.84210526315789,-32.31568,1920-1929,1920,1929
-76.73684210526316,-35.356373,1920-1929,1920,1929
-78.63157894736842,-37.28871,1920-1929,1920,1929
-80.52631578947368,-37.782963,1920-1929,1920,1929
-82.42105263157895,-38.231537,1920-1929,1920,1929
-84.3157894736842,-40.327362,1920-1929,1920,1929
-86.21052631578948,-44.462696,1920-1929,1920,1929
-88.10526315789474,-47.91593,1920-1929,1920,1929
-90.0,-48.661457,1920-1929,1920,1929
90.0,-15.896652,1930-1939,1930,1939
88.10526315789474,-15.798832,1930-1939,1930,1939
86.21052631578945,-15.784588,1930-1939,1930,1939
84.31578947368419,-15.8903,1930-1939,1930,1939
82.42105263157893,-16.184229,1930-1939,1930,1939
80.52631578947367,-16.025734,1930-1939,1930,1939
78.63157894736841,-15.480177,1930-1939,1930,1939
76.73684210526315,-14.459991,1930-1939,1930,1939
74.84210526315789,-13.192301,1930-1939,1930,1939
72.94736842105263,-12.036247,1930-1939,1930,1939
71.05263157894737,-10.769974,1930-1939,1930,1939
69.15789473684211,-9.68632,1930-1939,1930,1939
67.26315789473682,-8.337639,1930-1939,1930,1939
65.36842105263156,-6.5587835,1930-1939,1930,1939
63.4736842105263,-4.6475086,1930-1939,1930,1939
61.57894736842104,-2.7324567,1930-1939,1930,1939
59.68421052631578,-0.5978606,1930-1939,1930,1939
57.78947368421052,0.72257763,1930-1939,1930,1939
55.89473684210526,1.6934686,1930-1939,1930,1939
54.0,2.6850743,1930-1939,1930,1939
52.10526315789474,3.7110586,1930-1939,1930,1939
50.21052631578948,4.9223013,1930-1939,1930,1939
48.31578947368419,6.418934,1930-1939,1930,1939
46.42105263157893,8.136515,1930-1939,1930,1939
44.52631578947367,9.901601,1930-1939,1930,1939
42.63157894736841,11.475148,1930-1939,1930,1939
40.73684210526315,12.910418,1930-1939,1930,1939
38.84210526315789,14.068809,1930-1939,1930,1939
36.94736842105263,14.908527,1930-1939,1930,1939
35.052631578947356,15.72169,1930-1939,1930,1939
33.157894736842096,16.965984,1930-1939,1930,1939
31.263157894736835,18.45637,1930-1939,1930,1939
29.368421052631575,19.9327,1930-1939,1930,1939
27.473684210526315,21.516535,1930-1939,1930,1939
25.57894736842104,22.729889,1930-1939,1930,1939
23.68421052631578,23.532475,1930-1939,1930,1939
21.78947368421052,24.25423,1930-1939,1930,1939
19.89473684210526,24.783556,1930-1939,1930,1939
18.0,25.308771,1930-1939,1930,1939
16.105263157894726,25.774632,1930-1939,1930,1939
14.210526315789465,26.178493,1930-1939,1930,1939
12.315789473684205,26.375696,1930-1939,1930,1939
10.421052631578945,26.483068,1930-1939,1930,1939
8.526315789473685,26.399254,1930-1939,1930,1939
6.631578947368411,26.275154,1930-1939,1930,1939
4.73684210526315,26.142815,1930-1939,1930,1939
2.8421052631578902,25.972183,1930-1939,1930,1939
0.9473684210526301,25.732851,1930-1939,1930,1939
-0.9473684210526301,25.643848,1930-1939,1930,1939
-2.8421052631579045,25.674652,1930-1939,1930,1939
-4.736842105263165,25.713661,1930-1939,1930,1939
-6.631578947368425,25.630903,1930-1939,1930,1939
-8.526315789473685,25.460745,1930-1939,1930,1939
-10.421052631578945,25.148,1930-1939,1930,1939
-12.31578947368422,24.776182,1930-1939,1930,1939
-14.21052631578948,24.36184,1930-1939,1930,1939
-16.10526315789474,23.98188,1930-1939,1930,1939
-18.0,23.510057,1930-1939,1930,1939
-19.89473684210526,23.003971,1930-1939,1930,1939
-21.789473684210535,22.469074,1930-1939,1930,1939
-23.684210526315795,21.810785,1930-1939,1930,1939
-25.578947368421055,21.046822,1930-1939,1930,1939
-27.473684210526322,20.311317,1930-1939,1930,1939
-29.368421052631582,19.515337,1930-1939,1930,1939
-31.263157894736842,18.642836,1930-1939,1930,1939
-33.15789473684211,17.71863,1930-1939,1930,1939
-35.05263157894737,16.677824,1930-1939,1930,1939
-36.94736842105264,15.570526,1930-1939,1930,1939
-38.8421052631579,14.332131,1930-1939,1930,1939
-40.73684210526316,13.072289,1930-1939,1930,1939
-42.631578947368425,11.768867,1930-1939,1930,1939
-44.526315789473685,10.407139,1930-1939,1930,1939
-46.42105263157895,9.038604,1930-1939,1930,1939
-48.31578947368421,7.7133465,1930-1939,1930,1939
-50.21052631578947,6.4808326,1930-1939,1930,1939
-52.10526315789474,5.2334995,1930-1939,1930,1939
-54.0,4.0798054,1930-1939,1930,1939
-55.89473684210527,2.872848,1930-1939,1930,1939
-57.78947368421053,1.5385007,1930-1939,1930,1939
-59.684210526315795,-0.09686478,1930-1939,1930,1939
-61.578947368421055,-2.177775,1930-1939,1930,1939
-63.473684210526315,-5.151301,1930-1939,1930,1939
-65.36842105263158,-8.86726,1930-1939,1930,1939
-67.26315789473685,-13.488213,1930-1939,1930,1939
-69.15789473684211,-18.98069,1930-1939,1930,1939
-71.05263157894737,-24.046701,1930-1939,1930,1939
-72.94736842105263,-28.785828,1930-1939,1930,1939
-74.84210526315789,-32.457924,1930-1939,1930,1939
-76.73684210526316,-35.4874,1930-1939,1930,1939
-78.63157894736842,-37.36695,1930-1939,1930,1939
-80.52631578947368,-37.85062,1930-1939,1930,1939
-82.42105263157895,-38.249306,1930-1939,1930,1939
-84.3157894736842,-40.296326,1930-1939,1930,1939
-86.21052631578948,-44.372707,1930-1939,1930,1939
-88.10526315789474,-47.84636,1930-1939,1930,1939
-90.0,-48.599815,1930-1939,1930,1939
90.0,-14.921917,1940-1949,1940,1949
88.10526315789474,-14.857483,1940-1949,1940,1949
86.21052631578945,-14.854667,1940-1949,1940,1949
84.31578947368419,-14.92136,1940-1949,1940,1949
82.42105263157893,-15.189793,1940-1949,1940,1949
80.52631578947367,-15.009652,1940-1949,1940,1949
78.63157894736841,-14.476118,1940-1949,1940,1949
76.73684210526315,-13.521623,1940-1949,1940,1949
74.84210526315789,-12.384045,1940-1949,1940,1949
72.94736842105263,-11.377428,1940-1949,1940,1949
71.05263157894737,-10.1911335,1940-1949,1940,1949
69.15789473684211,-9.18689,1940-1949,1940,1949
67.26315789473682,-7.9204187,1940-1949,1940,1949
65.36842105263156,-6.2772465,1940-1949,1940,1949
63.4736842105263,-4.4751916,1940-1949,1940,1949
61.57894736842104,-2.6296148,1940-1949,1940,1949
59.68421052631578,-0.55294317,1940-1949,1940,1949
57.78947368421052,0.7419991,1940-1949,1940,1949
55.89473684210526,1.6870579,1940-1949,1940,1949
54.0,2.6452737,1940-1949,1940,1949
52.10526315789474,3.6390016,1940-1949,1940,1949
50.21052631578948,4.8252916,1940-1949,1940,1949
48.31578947368419,6.329676,1940-1949,1940,1949
46.42105263157893,8.085241,1940-1949,1940,1949
44.52631578947367,9.87504,1940-1949,1940,1949
42.63157894736841,11.464016,1940-1949,1940,1949
40.73684210526315,12.91692,1940-1949,1940,1949
38.84210526315789,14.076821,1940-1949,1940,1949
36.94736842105263,14.926161,1940-1949,1940,1949
35.052631578947356,15.749824,1940-1949,1940,1949
33.157894736842096,16.99816,1940-1949,1940,1949
31.263157894736835,18.483986,1940-1949,1940,1949
29.368421052631575,19.969845,1940-1949,1940,1949
27.473684210526315,21.556454,1940-1949,1940,1949
25.57894736842104,22.762365,1940-1949,1940,1949
23.68421052631578,23.558704,1940-1949,1940,1949
21.78947368421052,24.295235,1940-1949,1940,1949
19.89473684210526,24.838821,1940-1949,1940,1949
18.0,25.384829,1940-1949,1940,1949
16.105263157894726,25.875776,1940-1949,1940,1949
14.210526315789465,26.298378,1940-1949,1940,1949
12.315789473684205,26.50546,1940-1949,1940,1949
10.421052631578945,26.616198,1940-1949,1940,1949
8.526315789473685,26.532297,1940-1949,1940,1949
6.631578947368411,26.410192,1940-1949,1940,1949
4.73684210526315,26.286728,1940-1949,1940,1949
2.8421052631578902,26.11341,1940-1949,1940,1949
0.9473684210526301,25.877161,1940-1949,1940,1949
-0.9473684210526301,25.782389,1940-1949,1940,1949
-2.8421052631579045,25.791807,1940-1949,1940,1949
-4.736842105263165,25.815067,1940-1949,1940,1949
-6.631578947368425,25.711044,1940-1949,1940,1949
-8.526315789473685,25.530687,1940-1949,1940,1949
-10.421052631578945,25.19093,1940-1949,1940,1949
-12.31578947368422,24.803839,1940-1949,1940,1949
-14.21052631578948,24.37825,1940-1949,1940,1949
-16.10526315789474,23.987284,1940-1949,1940,1949
-18.0,23.502586,1940-1949,1940,1949
-19.89473684210526,22.985003,1940-1949,1940,1949
-21.789473684210535,22.443382,1940-1949,1940,1949
-23.684210526315795,21.794401,1940-1949,1940,1949
-25.578947368421055,21.03606,1940-1949,1940,1949
-27.473684210526322,20.311905,1940-1949,1940,1949
-29.368421052631582,19.517418,1940-1949,1940,1949
-31.263157894736842,18.664797,1940-1949,1940,1949
-33.15789473684211,17.746162,1940-1949,1940,1949
-35.05263157894737,16.722185,1940-1949,1940,1949
-36.94736842105264,15.632867,1940-1949,1940,1949
-38.8421052631579,14.41592,1940-1949,1940,1949
-40.73684210526316,13.172636,1940-1949,1940,1949
-42.631578947368425,11.881286,1940-1949,1940,1949
-44.526315789473685,10.531399,1940-1949,1940,1949
-46.42105263157895,9.164101,1940-1949,1940,1949
-48.31578947368421,7.832607,1940-1949,1940,1949
-50.21052631578947,6.5904217,1940-1949,1940,1949
-52.10526315789474,5.3341293,1940-1949,1940,1949
-54.0,4.180706,1940-1949,1940,1949
-55.89473684210527,2.984836,1940-1949,1940,1949
-57.78947368421053,1.6855559,1940-1949,1940,1949
-59.684210526315795,0.11317807,1940-1949,1940,1949
-61.578947368421055,-1.8823725,1940-1949,1940,1949
-63.473684210526315,-4.77952,1940-1949,1940,1949
-65.36842105263158,-8.472859,1940-1949,1940,1949
-67.26315789473685,-13.123413,1940-1949,1940,1949
-69.15789473684211,-18.682394,1940-1949,1940,1949
-71.05263157894737,-23.850475,1940-1949,1940,1949
-72.94736842105263,-28.621958,1940-1949,1940,1949
-74.84210526315789,-32.291924,1940-1949,1940,1949
-76.73684210526316,-35.322132,1940-1949,1940,1949
-78.63157894736842,-37.27312,1940-1949,1940,1949
-80.52631578947368,-37.730602,1940-1949,1940,1949
-82.42105263157895,-38.07204,1940-1949,1940,1949
-84.3157894736842,-40.07335,1940-1949,1940,1949
-86.21052631578948,-44.11873,1940-1949,1940,1949
-88.10526315789474,-47.5451,1940-1949,1940,1949
-90.0,-48.2745,1940-1949,1940,1949
90.0,-15.466208,1950-1959,1950,1959
88.10526315789474,-15.334915,1950-1959,1950,1959
86.21052631578945,-15.246482,1950-1959,1950,1959
84.31578947368419,-15.298847,1950-1959,1950,1959
82.42105263157893,-15.5689125,1950-1959,1950,1959
80.52631578947367,-15.411312,1950-1959,1950,1959
78.63157894736841,-14.856947,1950-1959,1950,1959
76.73684210526315,-13.890018,1950-1959,1950,1959
74.84210526315789,-12.799834,1950-1959,1950,1959
72.94736842105263,-11.797695,1950-1959,1950,1959
71.05263157894737,-10.604036,1950-1959,1950,1959
69.15789473684211,-9.517511,1950-1959,1950,1959
67.26315789473682,-8.08859,1950-1959,1950,1959
65.36842105263156,-6.309182,1950-1959,1950,1959
63.4736842105263,-4.448843,1950-1959,1950,1959
61.57894736842104,-2.5792437,1950-1959,1950,1959
59.68421052631578,-0.45506477,1950-1959,1950,1959
57.78947368421052,0.8657812,1950-1959,1950,1959
55.89473684210526,1.8311596,1950-1959,1950,1959
54.0,2.7990885,1950-1959,1950,1959
52.10526315789474,3.7900755,1950-1959,1950,1959
50.21052631578948,4.9437165,1950-1959,1950,1959
48.31578947368419,6.4128304,1950-1959,1950,1959
46.42105263157893,8.136223,1950-1959,1950,1959
44.52631578947367,9.926853,1950-1959,1950,1959
42.63157894736841,11.511944,1950-1959,1950,1959
40.73684210526315,12.934369,1950-1959,1950,1959
38.84210526315789,14.078744,1950-1959,1950,1959
36.94736842105263,14.914845,1950-1959,1950,1959
35.052631578947356,15.732513,1950-1959,1950,1959
33.157894736842096,16.964561,1950-1959,1950,1959
31.263157894736835,18.449343,1950-1959,1950,1959
29.368421052631575,19.926968,1950-1959,1950,1959
27.473684210526315,21.520136,1950-1959,1950,1959
25.57894736842104,22.726843,1950-1959,1950,1959
23.68421052631578,23.528856,1950-1959,1950,1959
21.78947368421052,24.243376,1950-1959,1950,1959
19.89473684210526,24.77339,1950-1959,1950,1959
18.0,25.30442,1950-1959,1950,1959
16.105263157894726,25.789434,1950-1959,1950,1959
14.210526315789465,26.211176,1950-1959,1950,1959
12.315789473684205,26.425188,1950-1959,1950,1959
10.421052631578945,26.548306,1950-1959,1950,1959
8.526315789473685,26.478455,1950-1959,1950,1959
6.631578947368411,26.362597,1950-1959,1950,1959
4.73684210526315,26.225237,1950-1959,1950,1959
2.8421052631578902,26.05509,1950-1959,1950,1959
0.9473684210526301,25.825294,1950-1959,1950,1959
-0.9473684210526301,25.742144,1950-1959,1950,1959
-2.8421052631579045,25.780079,1950-1959,1950,1959
-4.736842105263165,25.829134,1950-1959,1950,1959
-6.631578947368425,25.745308,1950-1959,1950,1959
-8.526315789473685,25.56878,1950-1959,1950,1959
-10.421052631578945,25.246342,1950-1959,1950,1959
-12.31578947368422,24.872904,1950-1959,1950,1959
-14.21052631578948,24.471445,1950-1959,1950,1959
-16.10526315789474,24.08238,1950-1959,1950,1959
-18.0,23.59223,1950-1959,1950,1959
-19.89473684210526,23.074224,1950-1959,1950,1959
-21.789473684210535,22.526972,1950-1959,1950,1959
-23.684210526315795,21.885216,1950-1959,1950,1959
-25.578947368421055,21.099339,1950-1959,1950,1959
-27.473684210526322,20.35222,1950-1959,1950,1959
-29.368421052631582,19.525438,1950-1959,1950,1959
-31.263157894736842,18.644793,1950-1959,1950,1959
-33.15789473684211,17.702599,1950-1959,1950,1959
-35.05263157894737,16.652456,1950-1959,1950,1959
-36.94736842105264,15.547645,1950-1959,1950,1959
-38.8421052631579,14.315151,1950-1959,1950,1959
-40.73684210526316,13.063007,1950-1959,1950,1959
-42.631578947368425,11.775337,1950-1959,1950,1959
-44.526315789473685,10.4325285,1950-1959,1950,1959
-46.42105263157895,9.074723,1950-1959,1950,1959
-48.31578947368421,7.753845,1950-1959,1950,1959
-50.21052631578947,6.524918,1950-1959,1950,1959
-52.10526315789474,5.2823887,1950-1959,1950,1959
-54.0,4.1420074,1950-1959,1950,1959
-55.89473684210527,2.95295,1950-1959,1950,1959
-57.78947368421053,1.6568376,1950-1959,1950,1959
-59.684210526315795,0.10087978,1950-1959,1950,1959
-61.578947368421055,-1.8568649,1950-1959,1950,1959
-63.473684210526315,-4.6706014,1950-1959,1950,1959
-65.36842105263158,-8.307818,1950-1959,1950,1959
-67.26315789473685,-12.949207,1950-1959,1950,1959
-69.15789473684211,-18.556831,1950-1959,1950,1959
-71.05263157894737,-23.728523,1950-1959,1950,1959
-72.94736842105263,-28.500689,1950-1959,1950,1959
-74.84210526315789,-32.12919,1950-1959,1950,1959
-76.73684210526316,-35.162754,1950-1959,1950,1959
-78.63157894736842,-37.117233,1950-1959,1950,1959
-80.52631578947368,-37.576546,1950-1959,1950,1959
-82.42105263157895,-37.963417,1950-1959,1950,1959
-84.3157894736842,-39.950344,1950-1959,1950,1959
-86.21052631578948,-43.98873,1950-1959,1950,1959
-88.10526315789474,-47.38094,1950-1959,1950,1959
-90.0,-48.12156,1950-1959,1950,1959
90.0,-15.514179,1960-1969,1960,1969
88.10526315789474,-15.459988,1960-1969,1960,1969
86.21052631578945,-15.465938,1960-1969,1960,1969
84.31578947368419,-15.594386,1960-1969,1960,1969
82.42105263157893,-15.933413,1960-1969,1960,1969
80.52631578947367,-15.836482,1960-1969,1960,1969
78.63157894736841,-15.383314,1960-1969,1960,1969
76.73684210526315,-14.475126,1960-1969,1960,1969
74.84210526315789,-13.274206,1960-1969,1960,1969
72.94736842105263,-12.16142,1960-1969,1960,1969
71.05263157894737,-10.94027,1960-1969,1960,1969
69.15789473684211,-9.869664,1960-1969,1960,1969
67.26315789473682,-8.539866,1960-1969,1960,1969
65.36842105263156,-6.770284,1960-1969,1960,1969
63.4736842105263,-4.873427,1960-1969,1960,1969
61.57894736842104,-3.0094209,1960-1969,1960,1969
59.68421052631578,-0.91065913,1960-1969,1960,1969
57.78947368421052,0.43097502,1960-1969,1960,1969
55.89473684210526,1.4007134,1960-1969,1960,1969
54.0,2.3646636,1960-1969,1960,1969
52.10526315789474,3.3593102,1960-1969,1960,1969
50.21052631578948,4.532356,1960-1969,1960,1969
48.31578947368419,6.0070844,1960-1969,1960,1969
46.42105263157893,7.720349,1960-1969,1960,1969
44.52631578947367,9.461525,1960-1969,1960,1969
42.63157894736841,11.013201,1960-1969,1960,1969
40.73684210526315,12.461807,1960-1969,1960,1969
38.84210526315789,13.641705,1960-1969,1960,1969
36.94736842105263,14.518672,1960-1969,1960,1969
35.052631578947356,15.381188,1960-1969,1960,1969
33.157894736842096,16.641083,1960-1969,1960,1969
31.263157894736835,18.142792,1960-1969,1960,1969
29.368421052631575,19.656803,1960-1969,1960,1969
27.473684210526315,21.261105,1960-1969,1960,1969
25.57894736842104,22.496983,1960-1969,1960,1969
23.68421052631578,23.325989,1960-1969,1960,1969
21.78947368421052,24.072868,1960-1969,1960,1969
19.89473684210526,24.613628,1960-1969,1960,1969
18.0,25.151432,1960-1969,1960,1969
16.105263157894726,25.633196,1960-1969,1960,1969
14.210526315789465,26.059486,1960-1969,1960,1969
12.315789473684205,26.275265,1960-1969,1960,1969
10.421052631578945,26.402927,1960-1969,1960,1969
8.526315789473685,26.327166,1960-1969,1960,1969
6.631578947368411,26.206026,1960-1969,1960,1969
4.73684210526315,26.073349,1960-1969,1960,1969
2.8421052631578902,25.92774,1960-1969,1960,1969
0.9473684210526301,25.689718,1960-1969,1960,1969
-0.9473684210526301,25.599834,1960-1969,1960,1969
-2.8421052631579045,25.64444,1960-1969,1960,1969
-4.736842105263165,25.70883,1960-1969,1960,1969
-6.631578947368425,25.64428,1960-1969,1960,1969
-8.526315789473685,25.484297,1960-1969,1960,1969
-10.421052631578945,25.186947,1960-1969,1960,1969
-12.31578947368422,24.825396,1960-1969,1960,1969
-14.21052631578948,24.425823,1960-1969,1960,1969
-16.10526315789474,24.029778,1960-1969,1960,1969
-18.0,23.530235,1960-1969,1960,1969
-19.89473684210526,22.99911,1960-1969,1960,1969
-21.789473684210535,22.444344,1960-1969,1960,1969
-23.684210526315795,21.7981,1960-1969,1960,1969
-25.578947368421055,21.016924,1960-1969,1960,1969
-27.473684210526322,20.277285,1960-1969,1960,1969
-29.368421052631582,19.460983,1960-1969,1960,1969
-31.263157894736842,18.581614,1960-1969,1960,1969
-33.15789473684211,17.632547,1960-1969,1960,1969
-35.05263157894737,16.58132,1960-1969,1960,1969
-36.94736842105264,15.473217,1960-1969,1960,1969
-38.8421052631579,14.247271,1960-1969,1960,1969
-40.73684210526316,13.010372,1960-1969,1960,1969
-42.631578947368425,11.737657,1960-1969,1960,1969
-44.526315789473685,10.416274,1960-1969,1960,1969
-46.42105263157895,9.088613,1960-1969,1960,1969
-48.31578947368421,7.791765,1960-1969,1960,1969
-50.21052631578947,6.5785494,1960-1969,1960,1969
-52.10526315789474,5.3428,1960-1969,1960,1969
-54.0,4.197444,1960-1969,1960,1969
-55.89473684210527,3.003317,1960-1969,1960,1969
-57.78947368421053,1.6952586,1960-1969,1960,1969
-59.684210526315795,0.10194792,1960-1969,1960,1969
-61.578947368421055,-1.9045056,1960-1969,1960,1969
-63.473684210526315,-4.775212,1960-1969,1960,1969
-65.36842105263158,-8.424445,1960-1969,1960,1969
-67.26315789473685,-13.049402,1960-1969,1960,1969
-69.15789473684211,-18.602297,1960-1969,1960,1969
-71.05263157894737,-23.742802,1960-1969,1960,1969
-72.94736842105263,-28.585945,1960-1969,1960,1969
-74.84210526315789,-32.258232,1960-1969,1960,1969
-76.73684210526316,-35.279926,1960-1969,1960,1969
-78.63157894736842,-37.216965,1960-1969,1960,1969
-80.52631578947368,-37.641216,1960-1969,1960,1969
-82.42105263157895,-37.98427,1960-1969,1960,1969
-84.3157894736842,-39.91078,1960-1969,1960,1969
-86.21052631578948,-43.906193,1960-1969,1960,1969
-88.10526315789474,-47.303352,1960-1969,1960,1969
-90.0,-48.047207,1960-1969,1960,1969
90.0,-14.7551,1970-1979,1970,1979
88.10526315789474,-14.746495,1970-1979,1970,1979
86.21052631578945,-14.76523,1970-1979,1970,1979
84.31578947368419,-14.90152,1970-1979,1970,1979
82.42105263157893,-15.258957,1970-1979,1970,1979
80.52631578947367,-15.121633,1970-1979,1970,1979
78.63157894736841,-14.556194,1970-1979,1970,1979
76.73684210526315,-13.574669,1970-1979,1970,1979
74.84210526315789,-12.423985,1970-1979,1970,1979
72.94736842105263,-11.38282,1970-1979,1970,1979
71.05263157894737,-10.207386,1970-1979,1970,1979
69.15789473684211,-9.182864,1970-1979,1970,1979
67.26315789473682,-7.8688517,1970-1979,1970,1979
65.36842105263156,-6.173722,1970-1979,1970,1979
63.4736842105263,-4.3605175,1970-1979,1970,1979
61.57894736842104,-2.5497775,1970-1979,1970,1979
59.68421052631578,-0.49863994,1970-1979,1970,1979
57.78947368421052,0.7973167,1970-1979,1970,1979
55.89473684210526,1.7523034,1970-1979,1970,1979
54.0,2.697644,1970-1979,1970,1979
52.10526315789474,3.6680968,1970-1979,1970,1979
50.21052631578948,4.8064837,1970-1979,1970,1979
48.31578947368419,6.2417517,1970-1979,1970,1979
46.42105263157893,7.9242826,1970-1979,1970,1979
44.52631578947367,9.648767,1970-1979,1970,1979
42.63157894736841,11.211796,1970-1979,1970,1979
40.73684210526315,12.658916,1970-1979,1970,1979
38.84210526315789,13.832977,1970-1979,1970,1979
36.94736842105263,14.670059,1970-1979,1970,1979
35.052631578947356,15.506612,1970-1979,1970,1979
33.157894736842096,16.764767,1970-1979,1970,1979
31.263157894736835,18.24754,1970-1979,1970,1979
29.368421052631575,19.713528,1970-1979,1970,1979
27.473684210526315,21.312798,1970-1979,1970,1979
25.57894736842104,22.532236,1970-1979,1970,1979
23.68421052631578,23.358105,1970-1979,1970,1979
21.78947368421052,24.119913,1970-1979,1970,1979
19.89473684210526,24.673784,1970-1979,1970,1979
18.0,25.221474,1970-1979,1970,1979
16.105263157894726,25.717325,1970-1979,1970,1979
14.210526315789465,26.139664,1970-1979,1970,1979
12.315789473684205,26.356543,1970-1979,1970,1979
10.421052631578945,26.48834,1970-1979,1970,1979
8.526315789473685,26.419624,1970-1979,1970,1979
6.631578947368411,26.306435,1970-1979,1970,1979
4.73684210526315,26.17838,1970-1979,1970,1979
2.8421052631578902,26.009468,1970-1979,1970,1979
0.9473684210526301,25.772345,1970-1979,1970,1979
-0.9473684210526301,25.690159,1970-1979,1970,1979
-2.8421052631579045,25.726852,1970-1979,1970,1979
-4.736842105263165,25.77412,1970-1979,1970,1979
-6.631578947368425,25.698294,1970-1979,1970,1979
-8.526315789473685,25.534718,1970-1979,1970,1979
-10.421052631578945,25.225863,1970-1979,1970,1979
-12.31578947368422,24.864357,1970-1979,1970,1979
-14.21052631578948,24.481173,1970-1979,1970,1979
-16.10526315789474,24.089918,1970-1979,1970,1979
-18.0,23.592314,1970-1979,1970,1979
-19.89473684210526,23.069258,1970-1979,1970,1979
-21.789473684210535,22.53103,1970-1979,1970,1979
-23.684210526315795,21.890434,1970-1979,1970,1979
-25.578947368421055,21.12165,1970-1979,1970,1979
-27.473684210526322,20.38983,1970-1979,1970,1979
-29.368421052631582,19.569357,1970-1979,1970,1979
-31.263157894736842,18.696596,1970-1979,1970,1979
-33.15789473684211,17.75319,1970-1979,1970,1979
-35.05263157894737,16.72288,1970-1979,1970,1979
-36.94736842105264,15.624281,1970-1979,1970,1979
-38.8421052631579,14.405644,1970-1979,1970,1979
-40.73684210526316,13.163952,1970-1979,1970,1979
-42.631578947368425,11.882782,1970-1979,1970,1979
-44.526315789473685,10.546947,1970-1979,1970,1979
-46.42105263157895,9.194299,1970-1979,1970,1979
-48.31578947368421,7.873815,1970-1979,1970,1979
-50.21052631578947,6.640334,1970-1979,1970,1979
-52.10526315789474,5.3897543,1970-1979,1970,1979
-54.0,4.23978,1970-1979,1970,1979
-55.89473684210527,3.0511084,1970-1979,1970,1979
-57.78947368421053,1.757002,1970-1979,1970,1979
-59.684210526315795,0.18513979,1970-1979,1970,1979
-61.578947368421055,-1.7904521,1970-1979,1970,1979
-63.473684210526315,-4.65678,1970-1979,1970,1979
-65.36842105263158,-8.357327,1970-1979,1970,1979
-67.26315789473685,-13.044978,1970-1979,1970,1979
-69.15789473684211,-18.609022,1970-1979,1970,1979
-71.05263157894737,-23.763372,1970-1979,1970,1979
-72.94736842105263,-28.575745,1970-1979,1970,1979
-74.84210526315789,-32.261368,1970-1979,1970,1979
-76.73684210526316,-35.294693,1970-1979,1970,1979
-78.63157894736842,-37.214413,1970-1979,1970,1979
-80.52631578947368,-37.6738,1970-1979,1970,1979
-82.42105263157895,-38.062706,1970-1979,1970,1979
-84.3157894736842,-40.0523,1970-1979,1970,1979
-86.21052631578948,-44.07557,1970-1979,1970,1979
-88.10526315789474,-47.482582,1970-1979,1970,1979
-90.0,-48.202187,1970-1979,1970,1979
90.0,-14.814377,1980-1989,1980,1989
88.10526315789474,-14.725562,1980-1989,1980,1989
86.21052631578945,-14.641946,1980-1989,1980,1989
84.31578947368419,-14.70056,1980-1989,1980,1989
82.42105263157893,-15.029761,1980-1989,1980,1989
80.52631578947367,-14.945446,1980-1989,1980,1989
78.63157894736841,-14.429562,1980-1989,1980,1989
76.73684210526315,-13.475229,1980-1989,1980,1989
74.84210526315789,-12.387161,1980-1989,1980,1989
72.94736842105263,-11.399231,1980-1989,1980,1989
71.05263157894737,-10.235349,1980-1989,1980,1989
69.15789473684211,-9.194963,1980-1989,1980,1989
67.26315789473682,-7.823481,1980-1989,1980,1989
65.36842105263156,-6.1150565,1980-1989,1980,1989
63.4736842105263,-4.292174,1980-1989,1980,1989
61.57894736842104,-2.4953077,1980-1989,1980,1989
59.68421052631578,-0.46956623,1980-1989,1980,1989
57.78947368421052,0.78409547,1980-1989,1980,1989
55.89473684210526,1.7349422,1980-1989,1980,1989
54.0,2.6956465,1980-1989,1980,1989
52.10526315789474,3.664672,1980-1989,1980,1989
50.21052631578948,4.809654,1980-1989,1980,1989
48.31578947368419,6.246011,1980-1989,1980,1989
46.42105263157893,7.953135,1980-1989,1980,1989
44.52631578947367,9.698116,1980-1989,1980,1989
42.63157894736841,11.247065,1980-1989,1980,1989
40.73684210526315,12.706161,1980-1989,1980,1989
38.84210526315789,13.901605,1980-1989,1980,1989
36.94736842105263,14.767643,1980-1989,1980,1989
35.052631578947356,15.614375,1980-1989,1980,1989
33.157894736842096,16.867916,1980-1989,1980,1989
31.263157894736835,18.351326,1980-1989,1980,1989
29.368421052631575,19.838568,1980-1989,1980,1989
27.473684210526315,21.436396,1980-1989,1980,1989
25.57894736842104,22.66974,1980-1989,1980,1989
23.68421052631578,23.502316,1980-1989,1980,1989
21.78947368421052,24.26901,1980-1989,1980,1989
19.89473684210526,24.81955,1980-1989,1980,1989
18.0,25.372215,1980-1989,1980,1989
16.105263157894726,25.863918,1980-1989,1980,1989
14.210526315789465,26.275541,1980-1989,1980,1989
12.315789473684205,26.48041,1980-1989,1980,1989
10.421052631578945,26.590553,1980-1989,1980,1989
8.526315789473685,26.512493,1980-1989,1980,1989
6.631578947368411,26.401258,1980-1989,1980,1989
4.73684210526315,26.268717,1980-1989,1980,1989
2.8421052631578902,26.10885,1980-1989,1980,1989
0.9473684210526301,25.876451,1980-1989,1980,1989
-0.9473684210526301,25.795755,1980-1989,1980,1989
-2.8421052631579045,25.825676,1980-1989,1980,1989
-4.736842105263165,25.877419,1980-1989,1980,1989
-6.631578947368425,25.811106,1980-1989,1980,1989
-8.526315789473685,25.6467,1980-1989,1980,1989
-10.421052631578945,25.34124,1980-1989,1980,1989
-12.31578947368422,24.998703,1980-1989,1980,1989
-14.21052631578948,24.629442,1980-1989,1980,1989
-16.10526315789474,24.249647,1980-1989,1980,1989
-18.0,23.760525,1980-1989,1980,1989
-19.89473684210526,23.24659,1980-1989,1980,1989
-21.789473684210535,22.712666,1980-1989,1980,1989
-23.684210526315795,22.06189,1980-1989,1980,1989
-25.578947368421055,21.284985,1980-1989,1980,1989
-27.473684210526322,20.532267,1980-1989,1980,1989
-29.368421052631582,19.697302,1980-1989,1980,1989
-31.263157894736842,18.816776,1980-1989,1980,1989
-33.15789473684211,17.868832,1980-1989,1980,1989
-35.05263157894737,16.82644,1980-1989,1980,1989
-36.94736842105264,15.714161,1980-1989,1980,1989
-38.8421052631579,14.485622,1980-1989,1980,1989
-40.73684210526316,13.238203,1980-1989,1980,1989
-42.631578947368425,11.961004,1980-1989,1980,1989
-44.526315789473685,10.640329,1980-1989,1980,1989
-46.42105263157895,9.295792,1980-1989,1980,1989
-48.31578947368421,7.978686,1980-1989,1980,1989
-50.21052631578947,6.7477427,1980-1989,1980,1989
-52.10526315789474,5.4975605,1980-1989,1980,1989
-54.0,4.3486342,1980-1989,1980,1989
-55.89473684210527,3.1617064,1980-1989,1980,1989
-57.78947368421053,1.8834822,1980-1989,1980,1989
-59.684210526315795,0.35138315,1980-1989,1980,1989
-61.578947368421055,-1.5610976,1980-1989,1980,1989
-63.473684210526315,-4.366234,1980-1989,1980,1989
-65.36842105263158,-8.053486,1980-1989,1980,1989
-67.26315789473685,-12.79972,1980-1989,1980,1989
-69.15789473684211,-18.404255,1980-1989,1980,1989
-71.05263157894737,-23.583792,1980-1989,1980,1989
-72.94736842105263,-28.36924,1980-1989,1980,1989
-74.84210526315789,-32.028763,1980-1989,1980,1989
-76.73684210526316,-35.064125,1980-1989,1980,1989
-78.63157894736842,-36.94811,1980-1989,1980,1989
-80.52631578947368,-37.376717,1980-1989,1980,1989
-82.42105263157895,-37.799656,1980-1989,1980,1989
-84.3157894736842,-39.85179,1980-1989,1980,1989
-86.21052631578948,-43.927685,1980-1989,1980,1989
-88.10526315789474,-47.329605,1980-1989,1980,1989
-90.0,-48.021862,1980-1989,1980,1989
90.0,-14.1010275,1990-1999,1990,1999
88.10526315789474,-14.019467,1990-1999,1990,1999
86.21052631578945,-13.986556,1990-1999,1990,1999
84.31578947368419,-14.103081,1990-1999,1990,1999
82.42105263157893,-14.448975,1990-1999,1990,1999
80.52631578947367,-14.336668,1990-1999,1990,1999
78.63157894736841,-13.756257,1990-1999,1990,1999
76.73684210526315,-12.740021,1990-1999,1990,1999
74.84210526315789,-11.567336,1990-1999,1990,1999
72.94736842105263,-10.504063,1990-1999,1990,1999
71.05263157894737,-9.3236885,1990-1999,1990,1999
69.15789473684211,-8.267852,1990-1999,1990,1999
67.26315789473682,-6.9383516,1990-1999,1990,1999
65.36842105263156,-5.295448,1990-1999,1990,1999
63.4736842105263,-3.5756755,1990-1999,1990,1999
61.57894736842104,-1.8497274,1990-1999,1990,1999
59.68421052631578,0.11363305,1990-1999,1990,1999
57.78947368421052,1.2991761,1990-1999,1990,1999
55.89473684210526,2.1834853,1990-1999,1990,1999
54.0,3.0991197,1990-1999,1990,1999
52.10526315789474,4.0419483,1990-1999,1990,1999
50.21052631578948,5.1505227,1990-1999,1990,1999
48.31578947368419,6.5574675,1990-1999,1990,1999
46.42105263157893,8.211339,1990-1999,1990,1999
44.52631578947367,9.897545,1990-1999,1990,1999
42.63157894736841,11.411044,1990-1999,1990,1999
40.73684210526315,12.872049,1990-1999,1990,1999
38.84210526315789,14.055778,1990-1999,1990,1999
36.94736842105263,14.934224,1990-1999,1990,1999
35.052631578947356,15.788609,1990-1999,1990,1999
33.157894736842096,17.05397,1990-1999,1990,1999
31.263157894736835,18.555954,1990-1999,1990,1999
29.368421052631575,20.05752,1990-1999,1990,1999
27.473684210526315,21.655739,1990-1999,1990,1999
25.57894736842104,22.876034,1990-1999,1990,1999
23.68421052631578,23.699406,1990-1999,1990,1999
21.78947368421052,24.47071,1990-1999,1990,1999
19.89473684210526,25.034868,1990-1999,1990,1999
18.0,25.594364,1990-1999,1990,1999
16.105263157894726,26.086262,1990-1999,1990,1999
14.210526315789465,26.49683,1990-1999,1990,1999
12.315789473684205,26.708092,1990-1999,1990,1999
10.421052631578945,26.829994,1990-1999,1990,1999
8.526315789473685,26.762299,1990-1999,1990,1999
6.631578947368411,26.636236,1990-1999,1990,1999
4.73684210526315,26.498447,1990-1999,1990,1999
2.8421052631578902,26.317324,1990-1999,1990,1999
0.9473684210526301,26.062582,1990-1999,1990,1999
-0.9473684210526301,25.987097,1990-1999,1990,1999
-2.8421052631579045,26.051533,1990-1999,1990,1999
-4.736842105263165,26.122824,1990-1999,1990,1999
-6.631578947368425,26.05761,1990-1999,1990,1999
-8.526315789473685,25.8818,1990-1999,1990,1999
-10.421052631578945,25.571785,1990-1999,1990,1999
-12.31578947368422,25.208796,1990-1999,1990,1999
-14.21052631578948,24.815733,1990-1999,1990,1999
-16.10526315789474,24.414118,1990-1999,1990,1999
-18.0,23.890764,1990-1999,1990,1999
-19.89473684210526,23.34133,1990-1999,1990,1999
-21.789473684210535,22.777924,1990-1999,1990,1999
-23.684210526315795,22.092396,1990-1999,1990,1999
-25.578947368421055,21.28712,1990-1999,1990,1999
-27.473684210526322,20.5114,1990-1999,1990,1999
-29.368421052631582,19.647528,1990-1999,1990,1999
-31.263157894736842,18.758593,1990-1999,1990,1999
-33.15789473684211,17.793798,1990-1999,1990,1999
-35.05263157894737,16.75285,1990-1999,1990,1999
-36.94736842105264,15.652357,1990-1999,1990,1999
-38.8421052631579,14.448207,1990-1999,1990,1999
-40.73684210526316,13.219695,1990-1999,1990,1999
-42.631578947368425,11.955504,1990-1999,1990,1999
-44.526315789473685,10.647027,1990-1999,1990,1999
-46.42105263157895,9.31679,1990-1999,1990,1999
-48.31578947368421,8.021175,1990-1999,1990,1999
-50.21052631578947,6.8168745,1990-1999,1990,1999
-52.10526315789474,5.6017895,1990-1999,1990,1999
-54.0,4.493849,1990-1999,1990,1999
-55.89473684210527,3.3605118,1990-1999,1990,1999
-57.78947368421053,2.1490412,1990-1999,1990,1999
-59.684210526315795,0.7015124,1990-1999,1990,1999
-61.578947368421055,-1.1039912,1990-1999,1990,1999
-63.473684210526315,-3.7518034,1990-1999,1990,1999
-65.36842105263158,-7.317242,1990-1999,1990,1999
-67.26315789473685,-12.067596,1990-1999,1990,1999
-69.15789473684211,-17.776644,1990-1999,1990,1999
-71.05263157894737,-23.075771,1990-1999,1990,1999
-72.94736842105263,-27.922363,1990-1999,1990,1999
-74.84210526315789,-31.621298,1990-1999,1990,1999
-76.73684210526316,-34.711315,1990-1999,1990,1999
-78.63157894736842,-36.68535,1990-1999,1990,1999
-80.52631578947368,-37.154205,1990-1999,1990,1999
-82.42105263157895,-37.559395,1990-1999,1990,1999
-84.3157894736842,-39.564842,1990-1999,1990,1999
-86.21052631578948,-43.605984,1990-1999,1990,1999
-88.10526315789474,-46.98558,1990-1999,1990,1999
-90.0,-47.69656,1990-1999,1990,1999
90.0,-13.837969,2000-2009,2000,2009
88.10526315789474,-13.758545,2000-2009,2000,2009
86.21052631578945,-13.71858,2000-2009,2000,2009
84.31578947368419,-13.809095,2000-2009,2000,2009
82.42105263157893,-14.131162,2000-2009,2000,2009
80.52631578947367,-14.039902,2000-2009,2000,2009
78.63157894736841,-13.484617,2000-2009,2000,2009
76.73684210526315,-12.503684,2000-2009,2000,2009
74.84210526315789,-11.331872,2000-2009,2000,2009
72.94736842105263,-10.269537,2000-2009,2000,2009
71.05263157894737,-9.127408,2000-2009,2000,2009
69.15789473684211,-8.108068,2000-2009,2000,2009
67.26315789473682,-6.7992415,2000-2009,2000,2009
65.36842105263156,-5.1508737,2000-2009,2000,2009
63.4736842105263,-3.4207435,2000-2009,2000,2009
61.57894736842104,-1.6851906,2000-2009,2000,2009
59.68421052631578,0.32384613,2000-2009,2000,2009
57.78947368421052,1.5799308,2000-2009,2000,2009
55.89473684210526,2.5220766,2000-2009,2000,2009
54.0,3.4910393,2000-2009,2000,2009
52.10526315789474,4.4968524,2000-2009,2000,2009
50.21052631578948,5.6945524,2000-2009,2000,2009
48.31578947368419,7.1978183,2000-2009,2000,2009
46.42105263157893,8.906682,2000-2009,2000,2009
44.52631578947367,10.640362,2000-2009,2000,2009
42.63157894736841,12.159197,2000-2009,2000,2009
40.73684210526315,13.570793,2000-2009,2000,2009
38.84210526315789,14.694796,2000-2009,2000,2009
36.94736842105263,15.501827,2000-2009,2000,2009
35.052631578947356,16.301376,2000-2009,2000,2009
33.157894736842096,17.51785,2000-2009,2000,2009
31.263157894736835,18.992607,2000-2009,2000,2009
29.368421052631575,20.442966,2000-2009,2000,2009
27.473684210526315,21.994894,2000-2009,2000,2009
25.57894736842104,23.171824,2000-2009,2000,2009
23.68421052631578,23.971214,2000-2009,2000,2009
21.78947368421052,24.720127,2000-2009,2000,2009
19.89473684210526,25.26007,2000-2009,2000,2009
18.0,25.800816,2000-2009,2000,2009
16.105263157894726,26.279404,2000-2009,2000,2009
14.210526315789465,26.664818,2000-2009,2000,2009
12.315789473684205,26.852926,2000-2009,2000,2009
10.421052631578945,26.943745,2000-2009,2000,2009
8.526315789473685,26.842546,2000-2009,2000,2009
6.631578947368411,26.68916,2000-2009,2000,2009
4.73684210526315,26.527628,2000-2009,2000,2009
2.8421052631578902,26.332993,2000-2009,2000,2009
0.9473684210526301,26.061443,2000-2009,2000,2009
-0.9473684210526301,25.951164,2000-2009,2000,2009
-2.8421052631579045,25.98645,2000-2009,2000,2009
-4.736842105263165,26.043365,2000-2009,2000,2009
-6.631578947368425,25.980673,2000-2009,2000,2009
-8.526315789473685,25.821962,2000-2009,2000,2009
-10.421052631578945,25.527498,2000-2009,2000,2009
-12.31578947368422,25.165733,2000-2009,2000,2009
-14.21052631578948,24.773455,2000-2009,2000,2009
-16.10526315789474,24.381794,2000-2009,2000,2009
-18.0,23.87851,2000-2009,2000,2009
-19.89473684210526,23.372698,2000-2009,2000,2009
-21.789473684210535,22.852854,2000-2009,2000,2009
-23.684210526315795,22.200281,2000-2009,2000,2009
-25.578947368421055,21.422752,2000-2009,2000,2009
-27.473684210526322,20.677544,2000-2009,2000,2009
-29.368421052631582,19.829777,2000-2009,2000,2009
-31.263157894736842,18.94774,2000-2009,2000,2009
-33.15789473684211,17.990788,2000-2009,2000,2009
-35.05263157894737,16.953966,2000-2009,2000,2009
-36.94736842105264,15.845156,2000-2009,2000,2009
-38.8421052631579,14.616843,2000-2009,2000,2009
-40.73684210526316,13.3698,2000-2009,2000,2009
-42.631578947368425,12.087903,2000-2009,2000,2009
-44.526315789473685,10.758804,2000-2009,2000,2009
-46.42105263157895,9.407128,2000-2009,2000,2009
-48.31578947368421,8.087552,2000-2009,2000,2009
-50.21052631578947,6.862845,2000-2009,2000,2009
-52.10526315789474,5.6343145,2000-2009,2000,2009
-54.0,4.5083323,2000-2009,2000,2009
-55.89473684210527,3.3515196,2000-2009,2000,2009
-57.78947368421053,2.1154532,2000-2009,2000,2009
-59.684210526315795,0.6374702,2000-2009,2000,2009
-61.578947368421055,-1.2172545,2000-2009,2000,2009
-63.473684210526315,-3.959281,2000-2009,2000,2009
-65.36842105263158,-7.5865655,2000-2009,2000,2009
-67.26315789473685,-12.289134,2000-2009,2000,2009
-69.15789473684211,-17.841755,2000-2009,2000,2009
-71.05263157894737,-23.075285,2000-2009,2000,2009
-72.94736842105263,-27.880152,2000-2009,2000,2009
-74.84210526315789,-31.60399,2000-2009,2000,2009
-76.73684210526316,-34.648895,2000-2009,2000,2009
-78.63157894736842,-36.5331,2000-2009,2000,2009
-80.52631578947368,-36.988632,2000-2009,2000,2009
-82.42105263157895,-37.40426,2000-2009,2000,2009
-84.3157894736842,-39.44593,2000-2009,2000,2009
-86.21052631578948,-43.46018,2000-2009,2000,2009
-88.10526315789474,-46.89852,2000-2009,2000,2009
-90.0,-47.663765,2000-2009,2000,2009
90.0,-13.754758,2010-2014,2010,2014
88.10526315789474,-13.687214,2010-2014,2010,2014
86.21052631578945,-13.667151,2010-2014,2010,2014
84.31578947368419,-13.750408,2010-2014,2010,2014
82.42105263157893,-14.088192,2010-2014,2010,2014
80.52631578947367,-14.008937,2010-2014,2010,2014
78.63157894736841,-13.407581,2010-2014,2010,2014
76.73684210526315,-12.349056,2010-2014,2010,2014
74.84210526315789,-11.104546,2010-2014,2010,2014
72.94736842105263,-10.0658865,2010-2014,2010,2014
71.05263157894737,-8.928858,2010-2014,2010,2014
69.15789473684211,-7.94475,2010-2014,2010,2014
67.26315789473682,-6.595376,2010-2014,2010,2014
65.36842105263156,-4.9009647,2010-2014,2010,2014
63.4736842105263,-3.1273577,2010-2014,2010,2014
61.57894736842104,-1.3428334,2010-2014,2010,2014
59.68421052631578,0.7054903,2010-2014,2010,2014
57.78947368421052,2.0021255,2010-2014,2010,2014
55.89473684210526,2.9777308,2010-2014,2010,2014
54.0,3.9532917,2010-2014,2010,2014
52.10526315789474,4.96064,2010-2014,2010,2014
50.21052631578948,6.1688876,2010-2014,2010,2014
48.31578947368419,7.663439,2010-2014,2010,2014
46.42105263157893,9.393517,2010-2014,2010,2014
44.52631578947367,11.199804,2010-2014,2010,2014
42.63157894736841,12.725576,2010-2014,2010,2014
40.73684210526315,14.082603,2010-2014,2010,2014
38.84210526315789,15.152605,2010-2014,2010,2014
36.94736842105263,15.944161,2010-2014,2010,2014
35.052631578947356,16.722445,2010-2014,2010,2014
33.157894736842096,17.90097,2010-2014,2010,2014
31.263157894736835,19.29839,2010-2014,2010,2014
29.368421052631575,20.661724,2010-2014,2010,2014
27.473684210526315,22.10804,2010-2014,2010,2014
25.57894736842104,23.218082,2010-2014,2010,2014
23.68421052631578,23.97337,2010-2014,2010,2014
21.78947368421052,24.693598,2010-2014,2010,2014
19.89473684210526,25.21257,2010-2014,2010,2014
18.0,25.74012,2010-2014,2010,2014
16.105263157894726,26.20068,2010-2014,2010,2014
14.210526315789465,26.591623,2010-2014,2010,2014
12.315789473684205,26.790283,2010-2014,2010,2014
10.421052631578945,26.89572,2010-2014,2010,2014
8.526315789473685,26.81295,2010-2014,2010,2014
6.631578947368411,26.676903,2010-2014,2010,2014
4.73684210526315,26.523537,2010-2014,2010,2014
2.8421052631578902,26.342133,2010-2014,2010,2014
0.9473684210526301,26.087456,2010-2014,2010,2014
-0.9473684210526301,25.969734,2010-2014,2010,2014
-2.8421052631579045,25.983877,2010-2014,2010,2014
-4.736842105263165,26.00795,2010-2014,2010,2014
-6.631578947368425,25.93255,2010-2014,2010,2014
-8.526315789473685,25.771387,2010-2014,2010,2014
-10.421052631578945,25.476906,2010-2014,2010,2014
-12.31578947368422,25.121296,2010-2014,2010,2014
-14.21052631578948,24.745003,2010-2014,2010,2014
-16.10526315789474,24.371443,2010-2014,2010,2014
-18.0,23.8889,2010-2014,2010,2014
-19.89473684210526,23.4146,2010-2014,2010,2014
-21.789473684210535,22.92081,2010-2014,2010,2014
-23.684210526315795,22.299385,2010-2014,2010,2014
-25.578947368421055,21.547102,2010-2014,2010,2014
-27.473684210526322,20.818768,2010-2014,2010,2014
-29.368421052631582,20.00724,2010-2014,2010,2014
-31.263157894736842,19.15884,2010-2014,2010,2014
-33.15789473684211,18.232422,2010-2014,2010,2014
-35.05263157894737,17.219013,2010-2014,2010,2014
-36.94736842105264,16.131163,2010-2014,2010,2014
-38.8421052631579,14.916192,2010-2014,2010,2014
-40.73684210526316,13.663339,2010-2014,2010,2014
-42.631578947368425,12.36139,2010-2014,2010,2014
-44.526315789473685,11.015904,2010-2014,2010,2014
-46.42105263157895,9.648544,2010-2014,2010,2014
-48.31578947368421,8.313815,2010-2014,2010,2014
-50.21052631578947,7.068837,2010-2014,2010,2014
-52.10526315789474,5.806731,2010-2014,2010,2014
-54.0,4.6537995,2010-2014,2010,2014
-55.89473684210527,3.4796443,2010-2014,2010,2014
-57.78947368421053,2.232516,2010-2014,2010,2014
-59.684210526315795,0.7380865,2010-2014,2010,2014
-61.578947368421055,-1.143809,2010-2014,2010,2014
-63.473684210526315,-3.887988,2010-2014,2010,2014
-65.36842105263158,-7.47254,2010-2014,2010,2014
-67.26315789473685,-12.154958,2010-2014,2010,2014
-69.15789473684211,-17.756191,2010-2014,2010,2014
-71.05263157894737,-22.967625,2010-2014,2010,2014
-72.94736842105263,-27.787165,2010-2014,2010,2014
-74.84210526315789,-31.491512,2010-2014,2010,2014
-76.73684210526316,-34.560925,2010-2014,2010,2014
-78.63157894736842,-36.469032,2010-2014,2010,2014
-80.52631578947368,-36.94825,2010-2014,2010,2014
-82.42105263157895,-37.351376,2010-2014,2010,2014
-84.3157894736842,-39.312256,2010-2014,2010,2014
-86.21052631578948,-43.312687,2010-2014,2010,2014
-88.10526315789474,-46.687195,2010-2014,2010,2014
-90.0,-47.381943,2010-2014,2010,2014
